{
  "project_info": {
    "project_number": "454797786617",
    "project_id": "mem-u-zin",
    "storage_bucket": "mem-u-zin.appspot.com"
  },
  "client": [
    {
      "client_info": {
        "mobilesdk_app_id": "1:454797786617:android:cc074a479e1e69faef1128",
        "android_client_info": {
          "package_name": "com.khieuware.datingapp"
        }
      },
      "oauth_client": [
        {
          "client_id": "454797786617-3lt4dcgvf2clhvqglc6feqndp19ohv2d.apps.googleusercontent.com",
          "client_type": 1,
          "android_info": {
            "package_name": "com.khieuware.datingapp",
            "certificate_hash": "df09deffd3254f9bee9188a168a5330d2c034040"
          }
        },
        {
          "client_id": "454797786617-klmhalcf9l3bjklq3dn166rmqkak2nsj.apps.googleusercontent.com",
          "client_type": 3
        }
      ],
      "api_key": [
        {
          "current_key": "AIzaSyDu0H1dHhzvVPARDoi3rQeaen0viijBJrU"
        }
      ],
      "services": {
        "appinvite_service": {
          "other_platform_oauth_client": [
            {
              "client_id": "454797786617-klmhalcf9l3bjklq3dn166rmqkak2nsj.apps.googleusercontent.com",
              "client_type": 3
            }
          ]
        }
      }
    }
  ],
  "configuration_version": "1"
}